,deaths,dateRep
6839,0,2019-12-31
3207,0,2019-12-31
10319,0,2019-12-31
15220,0,2019-12-31
5715,0,2019-12-31
1656,0,2019-12-31
13563,0,2019-12-31
2180,0,2019-12-31
5299,0,2019-12-31
14050,0,2019-12-31
7092,0,2019-12-31
2745,0,2019-12-31
4392,0,2019-12-31
13920,0,2019-12-31
12220,0,2019-12-31
7654,0,2019-12-31
9531,0,2019-12-31
15037,0,2019-12-31
4391,0,2020-01-01
9530,0,2020-01-01
7653,0,2020-01-01
3206,0,2020-01-01
5714,0,2020-01-01
6838,0,2020-01-01
13562,0,2020-01-01
2744,0,2020-01-01
15219,0,2020-01-01
10318,0,2020-01-01
13919,0,2020-01-01
14049,0,2020-01-01
12219,0,2020-01-01
5298,0,2020-01-01
7091,0,2020-01-01
15036,0,2020-01-01
2179,0,2020-01-01
1655,0,2020-01-01
4390,0,2020-01-02
13918,0,2020-01-02
14048,0,2020-01-02
1654,0,2020-01-02
15035,0,2020-01-02
6837,0,2020-01-02
3205,0,2020-01-02
5297,0,2020-01-02
7652,0,2020-01-02
7090,0,2020-01-02
12218,0,2020-01-02
2743,0,2020-01-02
13561,0,2020-01-02
15218,0,2020-01-02
2178,0,2020-01-02
10317,0,2020-01-02
9529,0,2020-01-02
5713,0,2020-01-02
6836,0,2020-01-03
13560,0,2020-01-03
3204,0,2020-01-03
5712,0,2020-01-03
15217,0,2020-01-03
12217,0,2020-01-03
7089,0,2020-01-03
1653,0,2020-01-03
2177,0,2020-01-03
10316,0,2020-01-03
15034,0,2020-01-03
14047,0,2020-01-03
5296,0,2020-01-03
2742,0,2020-01-03
4389,0,2020-01-03
9528,0,2020-01-03
7651,0,2020-01-03
13917,0,2020-01-03
1652,0,2020-01-04
4388,0,2020-01-04
14046,0,2020-01-04
2176,0,2020-01-04
10315,0,2020-01-04
9527,0,2020-01-04
7650,0,2020-01-04
15033,0,2020-01-04
2741,0,2020-01-04
12216,0,2020-01-04
3203,0,2020-01-04
15216,0,2020-01-04
6835,0,2020-01-04
5711,0,2020-01-04
13916,0,2020-01-04
7088,0,2020-01-04
5295,0,2020-01-04
13559,0,2020-01-04
13915,0,2020-01-05
12215,0,2020-01-05
10314,0,2020-01-05
7649,0,2020-01-05
7087,0,2020-01-05
5294,0,2020-01-05
15215,0,2020-01-05
14045,0,2020-01-05
13558,0,2020-01-05
6834,0,2020-01-05
15032,0,2020-01-05
3202,0,2020-01-05
2740,0,2020-01-05
4387,0,2020-01-05
5710,0,2020-01-05
2175,0,2020-01-05
9526,0,2020-01-05
1651,0,2020-01-05
13557,0,2020-01-06
7648,0,2020-01-06
5709,0,2020-01-06
9525,0,2020-01-06
4386,0,2020-01-06
2739,0,2020-01-06
10313,0,2020-01-06
13914,0,2020-01-06
15031,0,2020-01-06
12214,0,2020-01-06
6833,0,2020-01-06
7086,0,2020-01-06
2174,0,2020-01-06
3201,0,2020-01-06
14044,0,2020-01-06
15214,0,2020-01-06
1650,0,2020-01-06
5293,0,2020-01-06
7647,0,2020-01-07
15030,0,2020-01-07
4385,0,2020-01-07
13556,0,2020-01-07
10312,0,2020-01-07
15213,0,2020-01-07
13913,0,2020-01-07
2738,0,2020-01-07
9524,0,2020-01-07
1649,0,2020-01-07
3200,0,2020-01-07
5292,0,2020-01-07
6832,0,2020-01-07
14043,0,2020-01-07
5708,0,2020-01-07
2173,0,2020-01-07
12213,0,2020-01-07
7085,0,2020-01-07
6831,0,2020-01-08
12212,0,2020-01-08
15212,0,2020-01-08
7084,0,2020-01-08
14042,0,2020-01-08
15029,0,2020-01-08
5707,0,2020-01-08
13555,0,2020-01-08
2737,0,2020-01-08
9523,0,2020-01-08
2172,0,2020-01-08
3199,0,2020-01-08
10311,0,2020-01-08
4384,0,2020-01-08
1648,0,2020-01-08
5291,0,2020-01-08
13912,0,2020-01-08
7646,0,2020-01-08
6830,0,2020-01-09
2736,0,2020-01-09
2171,0,2020-01-09
9522,0,2020-01-09
13554,0,2020-01-09
5706,0,2020-01-09
13911,0,2020-01-09
3198,0,2020-01-09
5290,0,2020-01-09
15028,0,2020-01-09
4383,0,2020-01-09
12211,0,2020-01-09
1647,0,2020-01-09
7645,0,2020-01-09
10310,0,2020-01-09
15211,0,2020-01-09
7083,0,2020-01-09
14041,0,2020-01-09
2735,0,2020-01-10
7644,0,2020-01-10
12210,0,2020-01-10
15210,0,2020-01-10
7082,0,2020-01-10
2170,0,2020-01-10
13910,0,2020-01-10
9521,0,2020-01-10
5705,0,2020-01-10
13553,0,2020-01-10
15027,0,2020-01-10
10309,0,2020-01-10
1646,0,2020-01-10
6829,0,2020-01-10
14040,0,2020-01-10
5289,0,2020-01-10
3197,0,2020-01-10
4382,0,2020-01-10
2169,0,2020-01-11
6828,0,2020-01-11
1645,0,2020-01-11
9520,0,2020-01-11
12209,0,2020-01-11
15026,0,2020-01-11
15209,0,2020-01-11
7081,0,2020-01-11
14039,0,2020-01-11
7643,0,2020-01-11
2734,0,2020-01-11
5704,0,2020-01-11
5288,0,2020-01-11
13552,0,2020-01-11
13909,0,2020-01-11
4381,0,2020-01-11
10308,0,2020-01-11
3196,1,2020-01-11
4380,0,2020-01-12
1644,0,2020-01-12
13551,0,2020-01-12
2168,0,2020-01-12
6827,0,2020-01-12
3195,0,2020-01-12
2733,0,2020-01-12
7080,0,2020-01-12
12208,0,2020-01-12
5703,0,2020-01-12
9519,0,2020-01-12
14038,0,2020-01-12
15025,0,2020-01-12
15208,0,2020-01-12
10307,0,2020-01-12
5287,0,2020-01-12
13908,0,2020-01-12
7642,0,2020-01-12
2732,0,2020-01-13
5702,0,2020-01-13
14037,0,2020-01-13
15024,0,2020-01-13
4379,0,2020-01-13
7641,0,2020-01-13
6826,0,2020-01-13
3194,0,2020-01-13
13550,0,2020-01-13
7079,0,2020-01-13
12207,0,2020-01-13
9518,0,2020-01-13
2167,0,2020-01-13
10306,0,2020-01-13
1643,0,2020-01-13
13907,0,2020-01-13
5286,0,2020-01-13
15207,0,2020-01-13
6825,0,2020-01-14
5285,0,2020-01-14
13906,0,2020-01-14
4378,0,2020-01-14
13549,0,2020-01-14
1642,0,2020-01-14
14036,0,2020-01-14
10305,0,2020-01-14
15023,0,2020-01-14
12206,0,2020-01-14
3193,0,2020-01-14
2731,0,2020-01-14
15206,0,2020-01-14
7078,0,2020-01-14
2166,0,2020-01-14
9517,0,2020-01-14
7640,0,2020-01-14
5701,0,2020-01-14
13905,0,2020-01-15
4377,0,2020-01-15
10304,0,2020-01-15
7639,0,2020-01-15
7077,0,2020-01-15
6824,0,2020-01-15
3192,1,2020-01-15
9516,0,2020-01-15
2165,0,2020-01-15
15205,0,2020-01-15
5284,0,2020-01-15
13548,0,2020-01-15
2730,0,2020-01-15
15022,0,2020-01-15
1641,0,2020-01-15
12205,0,2020-01-15
5700,0,2020-01-15
14035,0,2020-01-15
2164,0,2020-01-16
9515,0,2020-01-16
7076,0,2020-01-16
12204,0,2020-01-16
7638,0,2020-01-16
2729,0,2020-01-16
5283,0,2020-01-16
13904,0,2020-01-16
1640,0,2020-01-16
14034,0,2020-01-16
3191,0,2020-01-16
5699,0,2020-01-16
6823,0,2020-01-16
13547,0,2020-01-16
15204,0,2020-01-16
15021,0,2020-01-16
4376,0,2020-01-16
10303,0,2020-01-16
5698,0,2020-01-17
7637,0,2020-01-17
15203,0,2020-01-17
15020,0,2020-01-17
2728,0,2020-01-17
13903,0,2020-01-17
5282,0,2020-01-17
14033,0,2020-01-17
6822,0,2020-01-17
3190,0,2020-01-17
13546,0,2020-01-17
10302,0,2020-01-17
1639,0,2020-01-17
4375,0,2020-01-17
7075,0,2020-01-17
12203,0,2020-01-17
9514,0,2020-01-17
2163,0,2020-01-17
4374,0,2020-01-18
5281,0,2020-01-18
14032,0,2020-01-18
7074,0,2020-01-18
13545,0,2020-01-18
1638,0,2020-01-18
6821,0,2020-01-18
3189,0,2020-01-18
12202,0,2020-01-18
7636,0,2020-01-18
2727,0,2020-01-18
9513,0,2020-01-18
13902,0,2020-01-18
15019,0,2020-01-18
15202,0,2020-01-18
5697,0,2020-01-18
10301,0,2020-01-18
2162,0,2020-01-18
6820,0,2020-01-19
1637,0,2020-01-19
10300,0,2020-01-19
9512,0,2020-01-19
15018,0,2020-01-19
3188,1,2020-01-19
13901,0,2020-01-19
15201,0,2020-01-19
4373,0,2020-01-19
5280,0,2020-01-19
14031,0,2020-01-19
5696,0,2020-01-19
7073,0,2020-01-19
7635,0,2020-01-19
2161,0,2020-01-19
12201,0,2020-01-19
2726,0,2020-01-19
13544,0,2020-01-19
7634,0,2020-01-20
10299,0,2020-01-20
1636,0,2020-01-20
13543,0,2020-01-20
5279,0,2020-01-20
4372,0,2020-01-20
15200,0,2020-01-20
13900,0,2020-01-20
7072,0,2020-01-20
9511,0,2020-01-20
2160,0,2020-01-20
5695,0,2020-01-20
2725,0,2020-01-20
14030,0,2020-01-20
15017,0,2020-01-20
12200,0,2020-01-20
6819,0,2020-01-20
3187,0,2020-01-20
13899,0,2020-01-21
15016,0,2020-01-21
12199,0,2020-01-21
7071,0,2020-01-21
9510,0,2020-01-21
2159,0,2020-01-21
14029,0,2020-01-21
6818,0,2020-01-21
1635,0,2020-01-21
3186,3,2020-01-21
13542,0,2020-01-21
5278,0,2020-01-21
5694,0,2020-01-21
2724,0,2020-01-21
15199,0,2020-01-21
10298,0,2020-01-21
4371,0,2020-01-21
7633,0,2020-01-21
3185,11,2020-01-22
6817,0,2020-01-22
10297,0,2020-01-22
14028,0,2020-01-22
7632,0,2020-01-22
1634,0,2020-01-22
13541,0,2020-01-22
12198,0,2020-01-22
9509,0,2020-01-22
7070,0,2020-01-22
15015,0,2020-01-22
2158,0,2020-01-22
2723,0,2020-01-22
5693,0,2020-01-22
5277,0,2020-01-22
15198,0,2020-01-22
13898,0,2020-01-22
4370,0,2020-01-22
1633,0,2020-01-23
7069,0,2020-01-23
9508,0,2020-01-23
4369,0,2020-01-23
13540,0,2020-01-23
6816,0,2020-01-23
14027,0,2020-01-23
7631,0,2020-01-23
2722,0,2020-01-23
2157,0,2020-01-23
15014,0,2020-01-23
5692,0,2020-01-23
13897,0,2020-01-23
15197,0,2020-01-23
10296,0,2020-01-23
12197,0,2020-01-23
5276,0,2020-01-23
3184,0,2020-01-23
4368,0,2020-01-24
15013,0,2020-01-24
13896,0,2020-01-24
14026,0,2020-01-24
2721,0,2020-01-24
7630,0,2020-01-24
15196,0,2020-01-24
2156,0,2020-01-24
3183,9,2020-01-24
5691,0,2020-01-24
5275,0,2020-01-24
1632,0,2020-01-24
9507,0,2020-01-24
12196,0,2020-01-24
13539,0,2020-01-24
10295,0,2020-01-24
7068,0,2020-01-24
6815,0,2020-01-24
5690,0,2020-01-25
2720,0,2020-01-25
3182,15,2020-01-25
10294,0,2020-01-25
15012,0,2020-01-25
6814,0,2020-01-25
5274,0,2020-01-25
2155,0,2020-01-25
1631,0,2020-01-25
12195,0,2020-01-25
7067,0,2020-01-25
9506,0,2020-01-25
13895,0,2020-01-25
15195,0,2020-01-25
13538,0,2020-01-25
7629,0,2020-01-25
4367,0,2020-01-25
14025,0,2020-01-25
3181,15,2020-01-26
14024,0,2020-01-26
15011,0,2020-01-26
7066,0,2020-01-26
15194,0,2020-01-26
12194,0,2020-01-26
9505,0,2020-01-26
13537,0,2020-01-26
1630,0,2020-01-26
6813,0,2020-01-26
5689,0,2020-01-26
2719,0,2020-01-26
7628,0,2020-01-26
4366,0,2020-01-26
2154,0,2020-01-26
5273,0,2020-01-26
13894,0,2020-01-26
10293,0,2020-01-26
12193,0,2020-01-27
3180,25,2020-01-27
5272,0,2020-01-27
4365,0,2020-01-27
13536,0,2020-01-27
15010,0,2020-01-27
10292,0,2020-01-27
13893,0,2020-01-27
2153,0,2020-01-27
7627,0,2020-01-27
14023,0,2020-01-27
2718,0,2020-01-27
6812,0,2020-01-27
1629,0,2020-01-27
5688,0,2020-01-27
7065,0,2020-01-27
15193,0,2020-01-27
9504,0,2020-01-27
12192,0,2020-01-28
2152,0,2020-01-28
2717,0,2020-01-28
15192,0,2020-01-28
15009,0,2020-01-28
7064,0,2020-01-28
5687,0,2020-01-28
9503,0,2020-01-28
14022,0,2020-01-28
6811,0,2020-01-28
10291,0,2020-01-28
3179,25,2020-01-28
1628,0,2020-01-28
5271,0,2020-01-28
13892,0,2020-01-28
13535,0,2020-01-28
4364,0,2020-01-28
7626,0,2020-01-28
12191,0,2020-01-29
15008,0,2020-01-29
4363,0,2020-01-29
13534,0,2020-01-29
6810,0,2020-01-29
15191,0,2020-01-29
5686,0,2020-01-29
9502,0,2020-01-29
2151,0,2020-01-29
13891,0,2020-01-29
7625,0,2020-01-29
10290,0,2020-01-29
2716,0,2020-01-29
7063,0,2020-01-29
14021,0,2020-01-29
1627,0,2020-01-29
5270,0,2020-01-29
3178,26,2020-01-29
13533,0,2020-01-30
14020,0,2020-01-30
1626,0,2020-01-30
15190,0,2020-01-30
7062,0,2020-01-30
13890,0,2020-01-30
2150,0,2020-01-30
7624,0,2020-01-30
15007,0,2020-01-30
2715,0,2020-01-30
10289,0,2020-01-30
12190,0,2020-01-30
5685,0,2020-01-30
6809,0,2020-01-30
9501,0,2020-01-30
5269,0,2020-01-30
4362,0,2020-01-30
3177,38,2020-01-30
5268,0,2020-01-31
2714,0,2020-01-31
5684,0,2020-01-31
15189,0,2020-01-31
15006,0,2020-01-31
7623,0,2020-01-31
2149,0,2020-01-31
14019,0,2020-01-31
9500,0,2020-01-31
10288,0,2020-01-31
1625,0,2020-01-31
3176,43,2020-01-31
13889,0,2020-01-31
7061,0,2020-01-31
6808,0,2020-01-31
13532,0,2020-01-31
12189,0,2020-01-31
4361,0,2020-01-31
5267,0,2020-02-01
1624,0,2020-02-01
9499,0,2020-02-01
14018,0,2020-02-01
12188,0,2020-02-01
15188,0,2020-02-01
10287,0,2020-02-01
13531,0,2020-02-01
4360,0,2020-02-01
2713,0,2020-02-01
7622,0,2020-02-01
13888,0,2020-02-01
5683,0,2020-02-01
15005,0,2020-02-01
3175,46,2020-02-01
2148,0,2020-02-01
7060,0,2020-02-01
6807,0,2020-02-01
12187,0,2020-02-02
6806,0,2020-02-02
15004,0,2020-02-02
14017,0,2020-02-02
5682,0,2020-02-02
3174,45,2020-02-02
5266,0,2020-02-02
2712,0,2020-02-02
10286,0,2020-02-02
15187,0,2020-02-02
7059,0,2020-02-02
2147,0,2020-02-02
13530,0,2020-02-02
4359,0,2020-02-02
7621,0,2020-02-02
9498,0,2020-02-02
1623,0,2020-02-02
13887,0,2020-02-02
5265,0,2020-02-03
15003,0,2020-02-03
3173,57,2020-02-03
15186,0,2020-02-03
7058,0,2020-02-03
2711,0,2020-02-03
4358,0,2020-02-03
9497,0,2020-02-03
10285,0,2020-02-03
12186,0,2020-02-03
6805,0,2020-02-03
5681,0,2020-02-03
1622,0,2020-02-03
13886,0,2020-02-03
7620,0,2020-02-03
2146,0,2020-02-03
14016,0,2020-02-03
13529,0,2020-02-03
13528,0,2020-02-04
2710,0,2020-02-04
12185,0,2020-02-04
15185,0,2020-02-04
5264,0,2020-02-04
2145,0,2020-02-04
15002,0,2020-02-04
5680,0,2020-02-04
13885,0,2020-02-04
9496,0,2020-02-04
4357,0,2020-02-04
7619,0,2020-02-04
1621,0,2020-02-04
10284,0,2020-02-04
6804,0,2020-02-04
3172,65,2020-02-04
14015,0,2020-02-04
7057,0,2020-02-04
5679,0,2020-02-05
10283,0,2020-02-05
6803,0,2020-02-05
7618,0,2020-02-05
13527,0,2020-02-05
7056,0,2020-02-05
1620,0,2020-02-05
15001,0,2020-02-05
13884,0,2020-02-05
3171,66,2020-02-05
15184,0,2020-02-05
14014,0,2020-02-05
12184,0,2020-02-05
2709,0,2020-02-05
2144,0,2020-02-05
5263,0,2020-02-05
9495,0,2020-02-05
4356,0,2020-02-05
2708,0,2020-02-06
5262,0,2020-02-06
15000,0,2020-02-06
1619,0,2020-02-06
2143,0,2020-02-06
7055,0,2020-02-06
14013,0,2020-02-06
13883,0,2020-02-06
10282,0,2020-02-06
9494,0,2020-02-06
15183,0,2020-02-06
13526,0,2020-02-06
12183,0,2020-02-06
5678,0,2020-02-06
4355,0,2020-02-06
6802,0,2020-02-06
3170,72,2020-02-06
7617,0,2020-02-06
3169,73,2020-02-07
12182,0,2020-02-07
7616,0,2020-02-07
6801,0,2020-02-07
9493,0,2020-02-07
1618,0,2020-02-07
14012,0,2020-02-07
7054,0,2020-02-07
4354,0,2020-02-07
15182,0,2020-02-07
13525,0,2020-02-07
2707,0,2020-02-07
2142,0,2020-02-07
5677,0,2020-02-07
5261,0,2020-02-07
13882,0,2020-02-07
14999,0,2020-02-07
10281,0,2020-02-07
13881,0,2020-02-08
6800,0,2020-02-08
7615,0,2020-02-08
2706,0,2020-02-08
13524,0,2020-02-08
10280,0,2020-02-08
14011,0,2020-02-08
15181,0,2020-02-08
4353,0,2020-02-08
5260,0,2020-02-08
14998,0,2020-02-08
7053,0,2020-02-08
5676,0,2020-02-08
2141,0,2020-02-08
12181,0,2020-02-08
9492,0,2020-02-08
3168,86,2020-02-08
1617,0,2020-02-08
9491,0,2020-02-09
10279,0,2020-02-09
14010,0,2020-02-09
4352,0,2020-02-09
12180,0,2020-02-09
5259,0,2020-02-09
14997,0,2020-02-09
13880,0,2020-02-09
2140,0,2020-02-09
6799,0,2020-02-09
7052,0,2020-02-09
7614,0,2020-02-09
3167,89,2020-02-09
1616,0,2020-02-09
5675,0,2020-02-09
13523,0,2020-02-09
15180,0,2020-02-09
2705,0,2020-02-09
13522,0,2020-02-10
13879,0,2020-02-10
12179,0,2020-02-10
5674,0,2020-02-10
15179,0,2020-02-10
14009,0,2020-02-10
6798,0,2020-02-10
7051,0,2020-02-10
3166,97,2020-02-10
7613,0,2020-02-10
1615,0,2020-02-10
10278,0,2020-02-10
2704,0,2020-02-10
5258,0,2020-02-10
4351,0,2020-02-10
2139,0,2020-02-10
9490,0,2020-02-10
14996,0,2020-02-10
7612,0,2020-02-11
13521,0,2020-02-11
3165,108,2020-02-11
4350,0,2020-02-11
6797,0,2020-02-11
15178,0,2020-02-11
12178,0,2020-02-11
9489,0,2020-02-11
14995,0,2020-02-11
10277,0,2020-02-11
5257,0,2020-02-11
2138,0,2020-02-11
14008,0,2020-02-11
2703,0,2020-02-11
7050,0,2020-02-11
1614,0,2020-02-11
5673,0,2020-02-11
13878,0,2020-02-11
15177,0,2020-02-12
2702,0,2020-02-12
5672,0,2020-02-12
12177,0,2020-02-12
13520,0,2020-02-12
7611,0,2020-02-12
6796,0,2020-02-12
1613,0,2020-02-12
7049,0,2020-02-12
3164,97,2020-02-12
14007,0,2020-02-12
13877,0,2020-02-12
14994,0,2020-02-12
4349,0,2020-02-12
10276,0,2020-02-12
5256,0,2020-02-12
2137,0,2020-02-12
9488,0,2020-02-12
15176,0,2020-02-13
10275,0,2020-02-13
3163,254,2020-02-13
5255,0,2020-02-13
14993,0,2020-02-13
14006,0,2020-02-13
13519,0,2020-02-13
12176,0,2020-02-13
13876,0,2020-02-13
2136,0,2020-02-13
5671,0,2020-02-13
1612,0,2020-02-13
4348,0,2020-02-13
6795,0,2020-02-13
7048,0,2020-02-13
9487,0,2020-02-13
2701,0,2020-02-13
7610,0,2020-02-13
2135,0,2020-02-14
14992,0,2020-02-14
1611,0,2020-02-14
7609,0,2020-02-14
3162,13,2020-02-14
9486,0,2020-02-14
5670,0,2020-02-14
12175,0,2020-02-14
7047,0,2020-02-14
5254,0,2020-02-14
13875,0,2020-02-14
10274,0,2020-02-14
4347,0,2020-02-14
13518,0,2020-02-14
14005,0,2020-02-14
2700,0,2020-02-14
15175,0,2020-02-14
6794,0,2020-02-14
13517,0,2020-02-15
12174,0,2020-02-15
15174,0,2020-02-15
6793,0,2020-02-15
3161,143,2020-02-15
9485,0,2020-02-15
4346,0,2020-02-15
13874,0,2020-02-15
7608,0,2020-02-15
5253,1,2020-02-15
14004,0,2020-02-15
2699,0,2020-02-15
2134,0,2020-02-15
1610,0,2020-02-15
14991,0,2020-02-15
7046,0,2020-02-15
10273,0,2020-02-15
5669,0,2020-02-15
1609,0,2020-02-16
6792,0,2020-02-16
13516,0,2020-02-16
4345,0,2020-02-16
14990,0,2020-02-16
13873,0,2020-02-16
7045,0,2020-02-16
14003,0,2020-02-16
12173,0,2020-02-16
10272,0,2020-02-16
5668,0,2020-02-16
5252,0,2020-02-16
2698,0,2020-02-16
7607,0,2020-02-16
3160,142,2020-02-16
9484,0,2020-02-16
15173,0,2020-02-16
2133,0,2020-02-16
7606,0,2020-02-17
13872,0,2020-02-17
13515,0,2020-02-17
9483,0,2020-02-17
6791,0,2020-02-17
15172,0,2020-02-17
10271,0,2020-02-17
4344,0,2020-02-17
12172,0,2020-02-17
2697,0,2020-02-17
2132,0,2020-02-17
7044,0,2020-02-17
5667,0,2020-02-17
1608,0,2020-02-17
3159,105,2020-02-17
5251,0,2020-02-17
14002,0,2020-02-17
14989,0,2020-02-17
9482,0,2020-02-18
1607,0,2020-02-18
2131,0,2020-02-18
6790,0,2020-02-18
15171,0,2020-02-18
7043,0,2020-02-18
14988,0,2020-02-18
5250,0,2020-02-18
14001,0,2020-02-18
13871,0,2020-02-18
13514,0,2020-02-18
2696,0,2020-02-18
5666,0,2020-02-18
12171,0,2020-02-18
4343,0,2020-02-18
7605,0,2020-02-18
3158,98,2020-02-18
10270,0,2020-02-18
4342,0,2020-02-19
13513,0,2020-02-19
7042,0,2020-02-19
13870,0,2020-02-19
12170,0,2020-02-19
10269,0,2020-02-19
1606,0,2020-02-19
14000,0,2020-02-19
9481,0,2020-02-19
3157,139,2020-02-19
2130,0,2020-02-19
6789,0,2020-02-19
14987,0,2020-02-19
15170,0,2020-02-19
5665,0,2020-02-19
7604,0,2020-02-19
2695,0,2020-02-19
5249,0,2020-02-19
13999,0,2020-02-20
7041,2,2020-02-20
5664,0,2020-02-20
13869,0,2020-02-20
5248,0,2020-02-20
2694,0,2020-02-20
7603,0,2020-02-20
15169,0,2020-02-20
3156,112,2020-02-20
4341,0,2020-02-20
10268,0,2020-02-20
6788,0,2020-02-20
2129,0,2020-02-20
13512,0,2020-02-20
14986,0,2020-02-20
9480,0,2020-02-20
12169,0,2020-02-20
1605,0,2020-02-20
3155,118,2020-02-21
2128,0,2020-02-21
7040,0,2020-02-21
5663,0,2020-02-21
1604,0,2020-02-21
2693,0,2020-02-21
13998,0,2020-02-21
13868,0,2020-02-21
10267,0,2020-02-21
13511,0,2020-02-21
14985,0,2020-02-21
4340,0,2020-02-21
12168,0,2020-02-21
15168,0,2020-02-21
6787,0,2020-02-21
9479,0,2020-02-21
7602,0,2020-02-21
5247,0,2020-02-21
7601,0,2020-02-22
4339,0,2020-02-22
15167,0,2020-02-22
1603,0,2020-02-22
9478,0,2020-02-22
10266,0,2020-02-22
2127,0,2020-02-22
6786,0,2020-02-22
3154,109,2020-02-22
14984,0,2020-02-22
7039,2,2020-02-22
13867,0,2020-02-22
5246,0,2020-02-22
2692,0,2020-02-22
5662,0,2020-02-22
13510,0,2020-02-22
13997,0,2020-02-22
12167,0,2020-02-22
9477,0,2020-02-23
5661,0,2020-02-23
12166,0,2020-02-23
5245,0,2020-02-23
13866,0,2020-02-23
13509,0,2020-02-23
15166,0,2020-02-23
6785,0,2020-02-23
7600,2,2020-02-23
10265,0,2020-02-23
3153,98,2020-02-23
14983,0,2020-02-23
4338,0,2020-02-23
2691,0,2020-02-23
2126,0,2020-02-23
7038,1,2020-02-23
1602,0,2020-02-23
13996,0,2020-02-23
5660,0,2020-02-24
10264,0,2020-02-24
9476,0,2020-02-24
13995,0,2020-02-24
1601,0,2020-02-24
3152,150,2020-02-24
2125,0,2020-02-24
7599,0,2020-02-24
14982,0,2020-02-24
5244,0,2020-02-24
15165,0,2020-02-24
2690,0,2020-02-24
12165,0,2020-02-24
13508,0,2020-02-24
13865,0,2020-02-24
7037,3,2020-02-24
4337,0,2020-02-24
6784,0,2020-02-24
13994,0,2020-02-25
13507,0,2020-02-25
5243,0,2020-02-25
5659,0,2020-02-25
9475,0,2020-02-25
4336,0,2020-02-25
10263,0,2020-02-25
15164,0,2020-02-25
13864,0,2020-02-25
7598,4,2020-02-25
1600,0,2020-02-25
2689,0,2020-02-25
7036,4,2020-02-25
6783,0,2020-02-25
2124,0,2020-02-25
14981,0,2020-02-25
3151,70,2020-02-25
12164,0,2020-02-25
2123,0,2020-02-26
5242,0,2020-02-26
5658,0,2020-02-26
1599,0,2020-02-26
13993,0,2020-02-26
2688,0,2020-02-26
7035,3,2020-02-26
6782,0,2020-02-26
3150,52,2020-02-26
14980,0,2020-02-26
7597,5,2020-02-26
13863,0,2020-02-26
15163,0,2020-02-26
13506,0,2020-02-26
10262,0,2020-02-26
4335,0,2020-02-26
9474,0,2020-02-26
12163,0,2020-02-26
15162,0,2020-02-27
13505,0,2020-02-27
2122,0,2020-02-27
12162,0,2020-02-27
10261,0,2020-02-27
4334,0,2020-02-27
14979,0,2020-02-27
7596,1,2020-02-27
1598,0,2020-02-27
9473,0,2020-02-27
2687,0,2020-02-27
7034,4,2020-02-27
5241,1,2020-02-27
13862,0,2020-02-27
6781,0,2020-02-27
13992,0,2020-02-27
3149,29,2020-02-27
5657,0,2020-02-27
13861,0,2020-02-28
1597,0,2020-02-28
2686,0,2020-02-28
9472,0,2020-02-28
5240,0,2020-02-28
7033,7,2020-02-28
2121,0,2020-02-28
3148,44,2020-02-28
5656,0,2020-02-28
4333,0,2020-02-28
12161,0,2020-02-28
7595,5,2020-02-28
6780,0,2020-02-28
13991,0,2020-02-28
10260,0,2020-02-28
15161,0,2020-02-28
14978,0,2020-02-28
13504,0,2020-02-28
13990,0,2020-02-29
9471,0,2020-02-29
6779,0,2020-02-29
15160,0,2020-02-29
1596,0,2020-02-29
3147,47,2020-02-29
14977,0,2020-02-29
13860,0,2020-02-29
10259,0,2020-02-29
13503,0,2020-02-29
4332,0,2020-02-29
5239,0,2020-02-29
7594,4,2020-02-29
12160,0,2020-02-29
7032,8,2020-02-29
2120,0,2020-02-29
2685,0,2020-02-29
5655,0,2020-02-29
12159,0,2020-03-01
3146,35,2020-03-01
14976,0,2020-03-01
7593,8,2020-03-01
13502,0,2020-03-01
6778,0,2020-03-01
15159,1,2020-03-01
5238,0,2020-03-01
9470,0,2020-03-01
2684,0,2020-03-01
5654,0,2020-03-01
4331,0,2020-03-01
13989,0,2020-03-01
1595,0,2020-03-01
10258,0,2020-03-01
2119,0,2020-03-01
7031,9,2020-03-01
13859,0,2020-03-01
2118,0,2020-03-02
15158,1,2020-03-02
13858,0,2020-03-02
5653,0,2020-03-02
12158,0,2020-03-02
9469,0,2020-03-02
7030,11,2020-03-02
13988,0,2020-03-02
2683,0,2020-03-02
1594,0,2020-03-02
10257,0,2020-03-02
4330,0,2020-03-02
14975,0,2020-03-02
7592,6,2020-03-02
3145,42,2020-03-02
13501,0,2020-03-02
5237,0,2020-03-02
6777,0,2020-03-02
13500,0,2020-03-03
10256,0,2020-03-03
6776,0,2020-03-03
5652,0,2020-03-03
7591,17,2020-03-03
14974,0,2020-03-03
12157,0,2020-03-03
13987,0,2020-03-03
7029,12,2020-03-03
2682,0,2020-03-03
15157,4,2020-03-03
4329,0,2020-03-03
2117,0,2020-03-03
1593,0,2020-03-03
3144,32,2020-03-03
13857,0,2020-03-03
5236,1,2020-03-03
14973,0,2020-03-04
7028,11,2020-03-04
6775,0,2020-03-04
13986,0,2020-03-04
2681,0,2020-03-04
10255,0,2020-03-04
1592,0,2020-03-04
12156,0,2020-03-04
2116,0,2020-03-04
15156,3,2020-03-04
13856,0,2020-03-04
5651,0,2020-03-04
7590,28,2020-03-04
13499,0,2020-03-04
3143,37,2020-03-04
5235,1,2020-03-04
12155,0,2020-03-05
6774,0,2020-03-05
7589,27,2020-03-05
3142,31,2020-03-05
5650,0,2020-03-05
4328,0,2020-03-05
1591,0,2020-03-05
2680,0,2020-03-05
5234,0,2020-03-05
13855,0,2020-03-05
2115,0,2020-03-05
13498,1,2020-03-05
14972,0,2020-03-05
15155,2,2020-03-05
13985,0,2020-03-05
10254,0,2020-03-05
7027,15,2020-03-05
7588,41,2020-03-06
7026,15,2020-03-06
2114,0,2020-03-06
15154,1,2020-03-06
4327,0,2020-03-06
5233,3,2020-03-06
13854,0,2020-03-06
1590,0,2020-03-06
14971,0,2020-03-06
3141,30,2020-03-06
6773,0,2020-03-06
10253,0,2020-03-06
12154,0,2020-03-06
13984,1,2020-03-06
5649,0,2020-03-06
2679,0,2020-03-06
13497,2,2020-03-06
7025,17,2020-03-07
11537,0,2020-03-07
5232,2,2020-03-07
12153,0,2020-03-07
2678,0,2020-03-07
13983,0,2020-03-07
1589,0,2020-03-07
3140,28,2020-03-07
7587,49,2020-03-07
5648,0,2020-03-07
15153,2,2020-03-07
13496,2,2020-03-07
14970,1,2020-03-07
6772,0,2020-03-07
10252,1,2020-03-07
2113,0,2020-03-07
13853,0,2020-03-07
14969,1,2020-03-08
2112,0,2020-03-08
5231,1,2020-03-08
10251,0,2020-03-08
7586,36,2020-03-08
5647,0,2020-03-08
2677,0,2020-03-08
12152,0,2020-03-08
13982,0,2020-03-08
13852,0,2020-03-08
15152,3,2020-03-08
7024,21,2020-03-08
3139,27,2020-03-08
6771,0,2020-03-08
1588,0,2020-03-08
13495,0,2020-03-08
5230,9,2020-03-09
13494,0,2020-03-09
11536,0,2020-03-09
1587,0,2020-03-09
7023,49,2020-03-09
13851,0,2020-03-09
9468,0,2020-03-09
7585,133,2020-03-09
14968,0,2020-03-09
2676,0,2020-03-09
13981,1,2020-03-09
12151,0,2020-03-09
4326,0,2020-03-09
15151,4,2020-03-09
3138,23,2020-03-09
2111,0,2020-03-09
5646,0,2020-03-09
10250,2,2020-03-09
7022,43,2020-03-10
4325,0,2020-03-10
5229,11,2020-03-10
12150,0,2020-03-10
2675,1,2020-03-10
11535,0,2020-03-10
10249,0,2020-03-10
3137,17,2020-03-10
1586,0,2020-03-10
2110,0,2020-03-10
7584,98,2020-03-10
13850,0,2020-03-10
14967,1,2020-03-10
13493,23,2020-03-10
15150,5,2020-03-10
13980,0,2020-03-10
5645,2,2020-03-10
6770,0,2020-03-10
10248,1,2020-03-11
3136,22,2020-03-11
12149,0,2020-03-11
5644,0,2020-03-11
13492,7,2020-03-11
15149,2,2020-03-11
13979,1,2020-03-11
2109,0,2020-03-11
14966,4,2020-03-11
7021,54,2020-03-11
4324,0,2020-03-11
13849,0,2020-03-11
2674,0,2020-03-11
11534,0,2020-03-11
7583,167,2020-03-11
6769,0,2020-03-11
5228,3,2020-03-11
1585,0,2020-03-11
2673,0,2020-03-12
7582,196,2020-03-12
5643,1,2020-03-12
14965,0,2020-03-12
13848,1,2020-03-12
1584,3,2020-03-12
11533,0,2020-03-12
7020,63,2020-03-12
15148,2,2020-03-12
13978,1,2020-03-12
14634,0,2020-03-12
13491,12,2020-03-12
9467,0,2020-03-12
6768,0,2020-03-12
3135,11,2020-03-12
12148,0,2020-03-12
5227,15,2020-03-12
10247,1,2020-03-12
2108,0,2020-03-12
10246,0,2020-03-13
13490,37,2020-03-13
13847,0,2020-03-13
1583,0,2020-03-13
11532,0,2020-03-13
12147,0,2020-03-13
14964,2,2020-03-13
2107,0,2020-03-13
6767,1,2020-03-13
5226,13,2020-03-13
3134,7,2020-03-13
9466,0,2020-03-13
13977,0,2020-03-13
14633,0,2020-03-13
5642,2,2020-03-13
7019,75,2020-03-13
7581,189,2020-03-13
2672,0,2020-03-13
15147,10,2020-03-13
9465,0,2020-03-14
15146,7,2020-03-14
13846,0,2020-03-14
11531,0,2020-03-14
13976,3,2020-03-14
13489,37,2020-03-14
6766,1,2020-03-14
14963,1,2020-03-14
1582,0,2020-03-14
12146,0,2020-03-14
7580,252,2020-03-14
2671,0,2020-03-14
5641,0,2020-03-14
7018,85,2020-03-14
4323,1,2020-03-14
10245,0,2020-03-14
3133,15,2020-03-14
5225,18,2020-03-14
2106,0,2020-03-14
13975,4,2020-03-15
7017,97,2020-03-15
15145,10,2020-03-15
5224,12,2020-03-15
2670,0,2020-03-15
2105,0,2020-03-15
14962,18,2020-03-15
1581,1,2020-03-15
4322,1,2020-03-15
9464,0,2020-03-15
10244,7,2020-03-15
11530,0,2020-03-15
6765,0,2020-03-15
7579,173,2020-03-15
3132,9,2020-03-15
5640,3,2020-03-15
12145,0,2020-03-15
13488,15,2020-03-15
13845,0,2020-03-15
3131,13,2020-03-16
9463,0,2020-03-16
11529,0,2020-03-16
5223,36,2020-03-16
15144,12,2020-03-16
13974,2,2020-03-16
14632,0,2020-03-16
2104,0,2020-03-16
10243,8,2020-03-16
1580,0,2020-03-16
4321,0,2020-03-16
13487,152,2020-03-16
13844,2,2020-03-16
6764,0,2020-03-16
7578,370,2020-03-16
5639,4,2020-03-16
7016,113,2020-03-16
12144,0,2020-03-16
2669,0,2020-03-16
14961,15,2020-03-16
1579,1,2020-03-17
12143,0,2020-03-17
15143,16,2020-03-17
2103,0,2020-03-17
5638,1,2020-03-17
9462,0,2020-03-17
2668,3,2020-03-17
11528,0,2020-03-17
7015,129,2020-03-17
14960,22,2020-03-17
3130,9,2020-03-17
5222,21,2020-03-17
13486,21,2020-03-17
10242,4,2020-03-17
4320,0,2020-03-17
6763,1,2020-03-17
7577,347,2020-03-17
13843,4,2020-03-17
13973,1,2020-03-17
14631,0,2020-03-17
13485,182,2020-03-18
15142,23,2020-03-18
3129,16,2020-03-18
1578,0,2020-03-18
14630,0,2020-03-18
13972,5,2020-03-18
7576,347,2020-03-18
13842,1,2020-03-18
12142,0,2020-03-18
14959,16,2020-03-18
9461,0,2020-03-18
7014,135,2020-03-18
5637,0,2020-03-18
5221,27,2020-03-18
2102,1,2020-03-18
10241,19,2020-03-18
4319,0,2020-03-18
11527,0,2020-03-18
6762,0,2020-03-18
2667,4,2020-03-18
5636,0,2020-03-19
4318,1,2020-03-19
11526,0,2020-03-19
9460,0,2020-03-19
7575,473,2020-03-19
12141,0,2020-03-19
3128,8,2020-03-19
14629,1,2020-03-19
5220,69,2020-03-19
13841,2,2020-03-19
2101,3,2020-03-19
13484,107,2020-03-19
2666,1,2020-03-19
14958,34,2020-03-19
7013,147,2020-03-19
1577,9,2020-03-19
10240,15,2020-03-19
15141,42,2020-03-19
6761,0,2020-03-19
13971,2,2020-03-19
2100,2,2020-03-20
14628,3,2020-03-20
9459,0,2020-03-20
11525,2,2020-03-20
2665,1,2020-03-20
14957,43,2020-03-20
7012,149,2020-03-20
15140,0,2020-03-20
13970,12,2020-03-20
5219,128,2020-03-20
13840,0,2020-03-20
7574,429,2020-03-20
4317,0,2020-03-20
10239,18,2020-03-20
5635,30,2020-03-20
6760,1,2020-03-20
12140,0,2020-03-20
1576,7,2020-03-20
13483,169,2020-03-20
3127,4,2020-03-20
14956,36,2020-03-21
7573,625,2020-03-21
7011,149,2020-03-21
6759,0,2020-03-21
11524,1,2020-03-21
3126,6,2020-03-21
10238,30,2020-03-21
13839,6,2020-03-21
5218,78,2020-03-21
5634,2,2020-03-21
13482,235,2020-03-21
12139,0,2020-03-21
14627,5,2020-03-21
15139,110,2020-03-21
4316,4,2020-03-21
2099,5,2020-03-21
1575,16,2020-03-21
9458,2,2020-03-21
13969,10,2020-03-21
2664,2,2020-03-21
2663,6,2020-03-22
2098,7,2020-03-22
5217,112,2020-03-22
12138,0,2020-03-22
6758,0,2020-03-22
4315,0,2020-03-22
14626,12,2020-03-22
7010,123,2020-03-22
10237,30,2020-03-22
11523,2,2020-03-22
3125,6,2020-03-22
9457,0,2020-03-22
1574,30,2020-03-22
5633,22,2020-03-22
13838,4,2020-03-22
13968,13,2020-03-22
15138,80,2020-03-22
14955,56,2020-03-22
7572,795,2020-03-22
13481,324,2020-03-22
13837,1,2020-03-23
11522,0,2020-03-23
3124,9,2020-03-23
7571,649,2020-03-23
10236,43,2020-03-23
5632,27,2020-03-23
14625,9,2020-03-23
4314,7,2020-03-23
6757,3,2020-03-23
13967,4,2020-03-23
9456,0,2020-03-23
12137,0,2020-03-23
14954,35,2020-03-23
2662,2,2020-03-23
5216,112,2020-03-23
15137,131,2020-03-23
2097,7,2020-03-23
1573,8,2020-03-23
7009,129,2020-03-23
13480,394,2020-03-23
2096,9,2020-03-24
1572,13,2020-03-24
4313,4,2020-03-24
14953,74,2020-03-24
7008,127,2020-03-24
11521,0,2020-03-24
7570,601,2020-03-24
3123,7,2020-03-24
13479,462,2020-03-24
2661,4,2020-03-24
13836,4,2020-03-24
13966,6,2020-03-24
6756,2,2020-03-24
12136,0,2020-03-24
14624,7,2020-03-24
15136,119,2020-03-24
5215,186,2020-03-24
9455,2,2020-03-24
10235,34,2020-03-24
5631,32,2020-03-24
7569,743,2020-03-25
2660,3,2020-03-25
14952,149,2020-03-25
13965,20,2020-03-25
1571,34,2020-03-25
6755,0,2020-03-25
5630,23,2020-03-25
7007,122,2020-03-25
15135,211,2020-03-25
13835,11,2020-03-25
11520,2,2020-03-25
4312,9,2020-03-25
14623,7,2020-03-25
2095,12,2020-03-25
5214,240,2020-03-25
9454,1,2020-03-25
13478,514,2020-03-25
10234,63,2020-03-25
12135,0,2020-03-25
3122,4,2020-03-25
3121,6,2020-03-26
10233,80,2020-03-26
13477,738,2020-03-26
5213,231,2020-03-26
2094,11,2020-03-26
15134,249,2020-03-26
14951,186,2020-03-26
7006,143,2020-03-26
12134,0,2020-03-26
1570,56,2020-03-26
2659,8,2020-03-26
6754,4,2020-03-26
13964,17,2020-03-26
9453,0,2020-03-26
13834,6,2020-03-26
5629,49,2020-03-26
14622,15,2020-03-26
4311,2,2020-03-26
11519,1,2020-03-26
7568,685,2020-03-26
12133,2,2020-03-27
2093,20,2020-03-27
14621,16,2020-03-27
9452,3,2020-03-27
1569,42,2020-03-27
2658,4,2020-03-27
5212,365,2020-03-27
4310,5,2020-03-27
13963,58,2020-03-27
6753,4,2020-03-27
11518,1,2020-03-27
13476,655,2020-03-27
5628,55,2020-03-27
10232,78,2020-03-27
3120,5,2020-03-27
7567,660,2020-03-27
14950,183,2020-03-27
7005,157,2020-03-27
13833,24,2020-03-27
15133,246,2020-03-27
13475,769,2020-03-28
1568,69,2020-03-28
13962,36,2020-03-28
7566,971,2020-03-28
5627,72,2020-03-28
9451,4,2020-03-28
13832,26,2020-03-28
15132,411,2020-03-28
14949,284,2020-03-28
11517,2,2020-03-28
4309,7,2020-03-28
5211,299,2020-03-28
2657,14,2020-03-28
3119,3,2020-03-28
12132,2,2020-03-28
10231,112,2020-03-28
2092,15,2020-03-28
14620,17,2020-03-28
7004,144,2020-03-28
6752,2,2020-03-28
15131,484,2020-03-29
13961,38,2020-03-29
13831,10,2020-03-29
5626,64,2020-03-29
7565,887,2020-03-29
6751,6,2020-03-29
10230,93,2020-03-29
3118,5,2020-03-29
13474,832,2020-03-29
11516,5,2020-03-29
4308,7,2020-03-29
5210,319,2020-03-29
12131,1,2020-03-29
2091,22,2020-03-29
14619,16,2020-03-29
14948,294,2020-03-29
1567,64,2020-03-29
7003,139,2020-03-29
9450,4,2020-03-29
2656,7,2020-03-29
6750,4,2020-03-30
14618,23,2020-03-30
13830,8,2020-03-30
9449,4,2020-03-30
13960,22,2020-03-30
4307,10,2020-03-30
5209,292,2020-03-30
15130,318,2020-03-30
14947,214,2020-03-30
7002,123,2020-03-30
12130,3,2020-03-30
2655,1,2020-03-30
1566,78,2020-03-30
2090,22,2020-03-30
5625,66,2020-03-30
7564,758,2020-03-30
11515,2,2020-03-30
13473,838,2020-03-30
3117,2,2020-03-30
10229,132,2020-03-30
14617,37,2020-03-31
13959,38,2020-03-31
10228,93,2020-03-31
13472,812,2020-03-31
11514,6,2020-03-31
13829,36,2020-03-31
12129,2,2020-03-31
9448,8,2020-03-31
2089,23,2020-03-31
3116,3,2020-03-31
15129,661,2020-03-31
5208,418,2020-03-31
2654,28,2020-03-31
5624,128,2020-03-31
1565,82,2020-03-31
7563,810,2020-03-31
7001,117,2020-03-31
4306,4,2020-03-31
14946,374,2020-03-31
6749,3,2020-03-31
10227,175,2020-04-01
5207,499,2020-04-01
6748,3,2020-04-01
7000,141,2020-04-01
15128,909,2020-04-01
5623,149,2020-04-01
9447,1,2020-04-01
1564,192,2020-04-01
2088,42,2020-04-01
13958,78,2020-04-01
13828,34,2020-04-01
13471,849,2020-04-01
14945,382,2020-04-01
4305,17,2020-04-01
14616,46,2020-04-01
11513,6,2020-04-01
12128,7,2020-04-01
2653,7,2020-04-01
3115,1,2020-04-01
7562,839,2020-04-01
12127,7,2020-04-02
10226,134,2020-04-02
2652,13,2020-04-02
6999,138,2020-04-02
15127,1059,2020-04-02
13827,59,2020-04-02
6747,15,2020-04-02
4304,41,2020-04-02
1563,123,2020-04-02
7561,727,2020-04-02
5206,509,2020-04-02
14944,670,2020-04-02
2087,40,2020-04-02
13470,864,2020-04-02
14615,63,2020-04-02
9446,8,2020-04-02
3114,6,2020-04-02
5622,140,2020-04-02
13957,5,2020-04-02
11512,17,2020-04-02
14614,79,2020-04-03
1562,183,2020-04-03
4303,0,2020-04-03
6746,6,2020-04-03
5621,145,2020-04-03
13469,950,2020-04-03
7560,760,2020-04-03
2086,58,2020-04-03
9445,13,2020-04-03
14943,652,2020-04-03
13826,43,2020-04-03
3113,10,2020-04-03
15126,915,2020-04-03
13956,54,2020-04-03
6998,124,2020-04-03
5205,471,2020-04-03
12126,6,2020-04-03
11511,8,2020-04-03
2651,29,2020-04-03
10225,166,2020-04-03
5620,141,2020-04-04
2650,49,2020-04-04
12125,4,2020-04-04
3112,4,2020-04-04
15125,1104,2020-04-04
11510,6,2020-04-04
2085,60,2020-04-04
9444,10,2020-04-04
14613,69,2020-04-04
14942,714,2020-04-04
4302,25,2020-04-04
10224,148,2020-04-04
6997,0,2020-04-04
13955,52,2020-04-04
13468,932,2020-04-04
13825,51,2020-04-04
6745,12,2020-04-04
1561,132,2020-04-04
5204,2004,2020-04-04
7559,764,2020-04-04
15124,1344,2020-04-05
12124,9,2020-04-05
9443,19,2020-04-05
13954,56,2020-04-05
14941,760,2020-04-05
7558,681,2020-04-05
4301,27,2020-04-05
6744,9,2020-04-05
3111,3,2020-04-05
14612,76,2020-04-05
11509,12,2020-04-05
2084,73,2020-04-05
13467,809,2020-04-05
2649,44,2020-04-05
5619,184,2020-04-05
1560,140,2020-04-05
10223,164,2020-04-05
13824,40,2020-04-05
5203,1053,2020-04-05
6996,292,2020-04-05
12123,2,2020-04-06
14611,73,2020-04-06
2648,49,2020-04-06
13953,19,2020-04-06
14940,644,2020-04-06
10222,115,2020-04-06
6995,151,2020-04-06
13466,674,2020-04-06
9442,15,2020-04-06
5618,92,2020-04-06
5202,518,2020-04-06
1559,164,2020-04-06
15123,1146,2020-04-06
2083,54,2020-04-06
7557,527,2020-04-06
13823,28,2020-04-06
6743,32,2020-04-06
11508,10,2020-04-06
3110,2,2020-04-06
4300,8,2020-04-06
5617,173,2020-04-07
11507,9,2020-04-07
13952,25,2020-04-07
3109,0,2020-04-07
15122,1342,2020-04-07
6994,136,2020-04-07
9441,31,2020-04-07
13822,76,2020-04-07
13465,637,2020-04-07
6742,5,2020-04-07
14939,568,2020-04-07
14610,75,2020-04-07
4299,11,2020-04-07
1558,185,2020-04-07
5201,833,2020-04-07
2082,67,2020-04-07
12122,2,2020-04-07
10221,101,2020-04-07
2647,43,2020-04-07
7556,636,2020-04-07
15121,1906,2020-04-08
5200,1417,2020-04-08
9440,16,2020-04-08
13821,114,2020-04-08
5616,254,2020-04-08
6993,133,2020-04-08
1557,403,2020-04-08
10220,234,2020-04-08
14938,1038,2020-04-08
3108,2,2020-04-08
4298,29,2020-04-08
6741,35,2020-04-08
13951,57,2020-04-08
14609,76,2020-04-08
12121,11,2020-04-08
7555,604,2020-04-08
13464,743,2020-04-08
2081,114,2020-04-08
11506,15,2020-04-08
2646,57,2020-04-08
14608,87,2020-04-09
5199,541,2020-04-09
7554,540,2020-04-09
14937,1034,2020-04-09
15120,1922,2020-04-09
4297,22,2020-04-09
10219,147,2020-04-09
2645,55,2020-04-09
12120,5,2020-04-09
1556,205,2020-04-09
6740,17,2020-04-09
13463,757,2020-04-09
2080,133,2020-04-09
13950,64,2020-04-09
9439,33,2020-04-09
6992,121,2020-04-09
11505,14,2020-04-09
5615,246,2020-04-09
3107,2,2020-04-09
13820,96,2020-04-09
7553,612,2020-04-10
13819,106,2020-04-10
13462,683,2020-04-10
5198,1341,2020-04-10
6991,117,2020-04-10
14936,1103,2020-04-10
10218,148,2020-04-10
13949,51,2020-04-10
1555,283,2020-04-10
6739,33,2020-04-10
5614,266,2020-04-10
14607,96,2020-04-10
2644,74,2020-04-10
15119,1873,2020-04-10
11504,17,2020-04-10
9438,20,2020-04-10
3106,1,2020-04-10
12119,13,2020-04-10
4296,30,2020-04-10
2079,141,2020-04-10
13818,77,2020-04-11
2078,115,2020-04-11
13948,49,2020-04-11
10217,115,2020-04-11
11503,31,2020-04-11
14935,1152,2020-04-11
3105,3,2020-04-11
13461,605,2020-04-11
2643,60,2020-04-11
12118,18,2020-04-11
1554,496,2020-04-11
7552,570,2020-04-11
14606,98,2020-04-11
4295,25,2020-04-11
5197,987,2020-04-11
5613,171,2020-04-11
6990,122,2020-04-11
15118,2087,2020-04-11
6738,40,2020-04-11
9437,39,2020-04-11
12117,12,2020-04-12
14934,839,2020-04-12
2642,84,2020-04-12
2077,68,2020-04-12
9436,40,2020-04-12
6737,34,2020-04-12
6989,125,2020-04-12
4294,18,2020-04-12
5612,129,2020-04-12
15117,1831,2020-04-12
5196,635,2020-04-12
13947,26,2020-04-12
14605,95,2020-04-12
13817,17,2020-04-12
1553,327,2020-04-12
3104,0,2020-04-12
7551,619,2020-04-12
11502,12,2020-04-12
10216,132,2020-04-12
13460,510,2020-04-12
4293,18,2020-04-13
13946,27,2020-04-13
11501,12,2020-04-13
13816,12,2020-04-13
13459,619,2020-04-13
6736,35,2020-04-13
6988,117,2020-04-13
15116,1500,2020-04-13
12116,24,2020-04-13
7550,431,2020-04-13
10215,94,2020-04-13
14604,97,2020-04-13
14933,686,2020-04-13
2641,64,2020-04-13
2076,99,2020-04-13
3103,2,2020-04-13
9435,23,2020-04-13
1552,254,2020-04-13
5195,561,2020-04-13
5611,126,2020-04-13
14603,98,2020-04-14
3102,0,2020-04-14
4292,22,2020-04-14
6735,31,2020-04-14
5610,170,2020-04-14
9434,36,2020-04-14
2640,63,2020-04-14
2075,105,2020-04-14
10214,86,2020-04-14
14932,744,2020-04-14
5194,574,2020-04-14
12115,18,2020-04-14
11500,0,2020-04-14
13458,517,2020-04-14
6987,111,2020-04-14
13945,0,2020-04-14
1551,303,2020-04-14
13815,20,2020-04-14
7549,564,2020-04-14
15115,1541,2020-04-14
14931,1044,2020-04-15
15114,2408,2020-04-15
1550,254,2020-04-15
14602,107,2020-04-15
13457,787,2020-04-15
11499,37,2020-04-15
6734,38,2020-04-15
5609,285,2020-04-15
9433,74,2020-04-15
12114,22,2020-04-15
13814,114,2020-04-15
5193,762,2020-04-15
10213,122,2020-04-15
6986,98,2020-04-15
2074,204,2020-04-15
2639,123,2020-04-15
3101,1,2020-04-15
13944,42,2020-04-15
7548,604,2020-04-15
4291,0,2020-04-15
7547,578,2020-04-16
2073,204,2020-04-16
1549,283,2020-04-16
2638,107,2020-04-16
9432,43,2020-04-16
10212,189,2020-04-16
15113,4928,2020-04-16
5608,315,2020-04-16
5192,1438,2020-04-16
12113,28,2020-04-16
6733,37,2020-04-16
13813,170,2020-04-16
6985,94,2020-04-16
11498,24,2020-04-16
4290,33,2020-04-16
13943,73,2020-04-16
14601,115,2020-04-16
3100,0,2020-04-16
13456,617,2020-04-16
14930,842,2020-04-16
3099,1290,2020-04-17
14929,1029,2020-04-17
2637,183,2020-04-17
2072,188,2020-04-17
9431,37,2020-04-17
11497,20,2020-04-17
12112,34,2020-04-17
10211,181,2020-04-17
6732,23,2020-04-17
1548,417,2020-04-17
14600,125,2020-04-17
13812,130,2020-04-17
5191,753,2020-04-17
5607,299,2020-04-17
6984,92,2020-04-17
15112,2299,2020-04-17
13455,585,2020-04-17
13942,43,2020-04-17
7546,525,2020-04-17
4289,15,2020-04-17
11496,26,2020-04-18
13941,42,2020-04-18
6731,43,2020-04-18
13454,565,2020-04-18
6983,89,2020-04-18
3098,0,2020-04-18
4288,18,2020-04-18
13811,67,2020-04-18
14599,126,2020-04-18
14928,935,2020-04-18
1547,306,2020-04-18
12111,41,2020-04-18
5606,242,2020-04-18
5190,761,2020-04-18
15111,3770,2020-04-18
10210,144,2020-04-18
7545,575,2020-04-18
2071,217,2020-04-18
2636,116,2020-04-18
9430,60,2020-04-18
7544,480,2020-04-19
14927,1115,2020-04-19
4287,35,2020-04-19
2635,158,2020-04-19
2070,206,2020-04-19
13940,52,2020-04-19
6982,73,2020-04-19
13810,111,2020-04-19
10209,142,2020-04-19
5189,642,2020-04-19
12110,40,2020-04-19
11495,48,2020-04-19
13453,410,2020-04-19
3097,0,2020-04-19
5605,184,2020-04-19
15110,1856,2020-04-19
14598,121,2020-04-19
6730,27,2020-04-19
9429,104,2020-04-19
1546,290,2020-04-19
2069,115,2020-04-20
15109,1772,2020-04-20
10208,83,2020-04-20
13939,24,2020-04-20
5604,110,2020-04-20
9428,36,2020-04-20
13452,399,2020-04-20
12109,48,2020-04-20
5188,395,2020-04-20
14926,498,2020-04-20
11494,52,2020-04-20
2634,113,2020-04-20
6729,36,2020-04-20
14597,127,2020-04-20
7543,433,2020-04-20
4286,18,2020-04-20
3096,0,2020-04-20
6981,87,2020-04-20
1545,230,2020-04-20
13809,29,2020-04-20
1544,145,2020-04-21
5603,194,2020-04-21
7542,454,2020-04-21
10207,67,2020-04-21
15108,1857,2020-04-21
5187,547,2020-04-21
12108,44,2020-04-21
14925,559,2020-04-21
4285,33,2020-04-21
6728,47,2020-04-21
6980,91,2020-04-21
3095,0,2020-04-21
13808,40,2020-04-21
14596,123,2020-04-21
2633,110,2020-04-21
9427,26,2020-04-21
11493,45,2020-04-21
13938,7,2020-04-21
13451,430,2020-04-21
2068,113,2020-04-21
1543,170,2020-04-22
14924,1172,2020-04-22
13937,45,2020-04-22
13450,435,2020-04-22
2067,166,2020-04-22
6727,50,2020-04-22
6979,88,2020-04-22
13807,185,2020-04-22
9426,145,2020-04-22
14595,119,2020-04-22
11492,39,2020-04-22
2632,144,2020-04-22
15107,2524,2020-04-22
12107,51,2020-04-22
5602,281,2020-04-22
7541,534,2020-04-22
3094,0,2020-04-22
10206,165,2020-04-22
5186,531,2020-04-22
4284,13,2020-04-22
